0,231,295,417,44,442,512,97
1,124,169,170,196,312,418,450,51,53,561,563
2,210,215,271,290,337,343,424,443,588
248,253,3,444
100,114,12,144,179,189,192,195,21,22,241,252,277,293,307,322,323,358,382,395,4,404,416,419,428,436,454,464,465,471,479,481,495,501,522,532,578,589,590,65,75,77,79,90
103,160,20,222,230,296,326,332,364,373,387,390,449,451,457,459,480,491,5,523,542,593,594,7,83,86,89
132,143,151,276,279,29,304,32,325,33,331,344,352,398,406,429,432,446,463,492,516,521,556,564,576,6,74
255,257,437,548,8
237,392,447,517,9
10,161,239,262,270,273,274,275,28,381,391,402,409,420,507,518,519,580,61
11,147,198,452
13,197,380,461,71,76
14,301
15
16,212,386
17
18,545
176,182,19,217,314,346,347,353,370,375,38,399,484,528,568,584
23,31,310,35,360,365,426,530
24
156,25
26
115,136,183,193,234,27,291,303,315,333,334,341,40,475,48,544,56,575,599
30,500,59,63
209,34
36,369,96
37
39
117,135,158,202,220,221,288,41
42
43
45
435,46,596,602,73
213,219,256,278,318,327,47,49,490,505,531
139,174,216,250,283,285,329,338,388,394,422,431,439,453,456,474,482,50,504,515,597,66,70,84,92
460,52,567,69
299,324,434,487,529,54
55
566,57
109,141,173,177,203,223,259,261,264,311,383,502,509,565,570,572,58
60
236,62,85
64
118,178,356,552,592,67
410,489,591,68
116,131,226,243,249,294,305,351,440,477,488,553,587,72
110,111,129,224,229,308,393,569,586,78
134,80
130,335,81
172,218,246,82
244,411,441,470,87
163,472,88
91
340,93
94
95
98
99
101
102,200
104,287,425
105,181,286,309,397,598
106
107,128,168,175,260,265,289,366,600
108,361
112,152,207,245,300,345,547,601
113
119
120
121,405
122,510
123,280,320,363,573
125
126,142,171,377,543,551,559,560
127
133
137
138
140
145
146
148,157,497
149
150
153,154
155,185
159
162
164
165,201
166,413
167
180,251,342
184,254,384,385,485,514
186
187,316,350,368,423,473,503
188
190
191
194,233
199
204
205,414
206,228
208
211
214
225,408,535,581
227
232
235
238
240
242
247
258
263
266
267,577
268
269
272
281
282,284,554
292
297
298
302
306
313
317
319
321,557
328
330
336
339
348
349
354
355
357
359,389,486,525,595
362
367
371
372,378
374
376
379
396
400
401
403
407,555
412
415
421
427
430
433,468
438,493
445
448
455
458
462
466
467,526
469
476
478
483
494
496
498
499
506
508
511
513
520
524
527,562
533
534
536
537
538
539
540
541
546
549
550
558
571
574
579
582
583
585
