1,235
2
3
4
5
6
7
8
9
10
11
12,137,172,60
13
14
15
16
17
18
19
188,20,26
21
22
23
24
25
27
28
29
30
31
32
33
34
35
101,134,150,197,203,212,247,316,333,36,40,45,52,79
37
38
39
41
42
43
44
46
362,47
48
49
50
51
53
54
55
56,84
57
58
59
61
62
63
64,72
65
66
67
68
69
70
71
73
74
75
76
77
78
80
81
242,382,82
83
85
271,286,86
87
88
89
90
91
92
93
94
205,95
96
206,207,97
214,236,98
99
100
102
103
104
105
106
107
108,165,191,240,278,318
109,209
110
111,133,358,384
112
113
114
115
116
117
118
119
120
121
122,331
123,304
124
125
126
127,130
128
129,249
131,283
132
135
136
138
139
140
141
142
143
144
145
146
147
148,208,221
149
151
152
153
154
155,394
156
157
158
159
160
161
162
163
164
166
167
168
169
170
171
173
174
175
176
177
178
179
180
181
182
183
184
185
186
187
189
190
192
193
194
195
196
198
199
200
201
202
204
210
211
213
215
216
217
218
219
220
222
223
224
225
226
227
228,361
229
230
231
232
233
234
237
238
239
241
243
244
245
246
248
250
251
252
253
254
255
256
257
258
259
260
261
262
263
264
265
266
267,375
268
269
270
272
273
274
275
276
277
279
280
281
282
284
285
287
288
289
290
291
292
293
294
295
296
297
298
299,343
300
301
302
303
305
306
307
308
309
310
311
312
313
314
315,364
317
319
320
321
322
323
324
325
326
327
328
329
330
332
334
335
336
337
338
339
340
341,392
342
344
345
346
347
348
349
350
351
352
353
354
356
357
359
360
363
365
366
367
368
369
370
371
372
373
374
376
377
378
379
380
381
383
385
386
387
388
389
390
391
393
395
396
397
398
399
400
